Login, Logga in
Logout, Logga ut
Email, E-post
Password, Lösenord
Forgot your password?, Glömt bort lösenordet?
Create an account, Skapa konto
Register, Registrera
Full Name, Fullständigt Namn
Full name, Fullständigt namn
SIGN IN, LOGGA IN
Order History, Orderhistorik
Account Details, Kontodetaljer
You have not placed any orders yet, Du har inte lagt något beställning ännu.
My Account, Mitt konto
Already have an account?, Har du redan ett konto?
Contact information, Kontaktinformation
City, Stad
Account Information, Kontoinformation
Address, Adress
Postcode, Postnummer
Postcode is required, Postnummer krävs
Telephone is required, Telefonnummer krävs
Telephone, Telefonnummer
Full name is required, Fullständigt namn krävs
Country is required, Land krävs
Country, Land
Province is required, Län krävs
Province, Län
Billing Address, Fakturaadress
Shipping Address, Försändelseadress
Create A New Account, Skapa nytt konto
Contact, Kontakt
Customer information, Kundinformation