Login, Login
Logout, Logout
Email, E-mail
Password, Password
Forgot your password?, Hai dimenticato la password？
Create an account, Crea un account
Register, Registrati
Full Name, Nome e cognome
Full name, Nome e cognome
SIGN IN, login
Order History, Cronologia ordini
Account Details, Dettagli account
You have not placed any orders yet, Non hai ancora effettuato un ordine
My Account, Il mio account
Already have an account?, Non hai ancora un account？
Contact information, Informazioni di contatto
City, Città
Account Information, Informazioni account
Address, Indirizzo
Postcode, CAP
Postcode is required, Il CAP è un campo obbligatorio
Telephone is required, Il telefono è un campo obbligatorio
Telephone, Telefono
Full name is required, Nome e cognome è un campo obbligatorio
Country is required, Paese è un campo obbligatorio
Country, Paese
Province is required, Provincia è un campo obbligatorio
Province, Provincia
Billing Address, Indirizzo di fatturazione
Shipping Address, Indirizzo di spedizione
Create A New Account, Crea un nuovo account
Contact, Contatti
Customer information, Informazioni cliente
