Login, Inloggen
Logout, Uitloggen
Email, E-mail
Password, Wachtwoord
Forgot your password?, Wachtwoord vergeten？
Create an account, Maak een account aan
Register, Registreren
Full Name, Volledige Naam
Full name, Volledige naam
SIGN IN, Inloggen
Order History, Bestelgeschiedenis
Account Details, Accountsgegevens
You have not placed any orders yet, U heeft nog geen bestellingen geplaatst
My Account, Mijn account
Already have an account?, Heeft u al een account？
Contact information, Contactinformatie
City, Stad
Account Information, Account informatie
Address, Adres
Postcode, Postcode
Postcode is required, Postcode is verplicht
Telephone is required, Telefoon is verplicht
Telephone, Telefoon
Full name is required, Volledige naam is verplicht
Country is required, Land is verplicht
Country, Land
Province is required, Provincie is verplicht
Province, Provincie
Billing Address, Factuuradres
Shipping Address, Verzendadres
Create A New Account, Maak een nieuw account aan
Contact, Contact
Customer information, Klant informatie