Login, Войти
Logout, Выйти
Email, Email
Password, Пароль
Forgot your password?, Забыли пароль?
Create an account, Создать аккаунт
Register, Зарегистрироваться
Full Name, Фамилия Имя
Full name, Фамилия Имя
SIGN IN, ВОЙТИ
SIGN UP, ЗАРЕГИСТРИРОВАТЬСЯ
Order History, История заказов
Account Details, Параметры Аккаунта
Account details, Параметры аккаунта
You have not placed any orders yet, Вы еще ничего не заказали
My Account, Мой аккаунт
Already have an account?, У вас уже есть аккаунт?
Contact information, Контактные данные
City, Город
Account Information, Информация об аккаунте
Address, Адрес
Postcode, Почтовый индекс
Postcode is required, Почтовый индекс обязателен для заполнения
Telephone is required, Телефон обязателен для заполнения
Telephone, Телефон
Full name is required, Фамилию и Имя обязательны для заполнения
Country is required, Страна обязательна для заполнения
Country, Страна
Province is required, Область обязательна для заполнения
Province, Область
Billing Address, Платежный адрес
Shipping Address, Адрес доставки
Create A New Account, Создать новый аккаунт
Contact, Контакт
Customer information, Информация о заказчике